"Status","Start Time","Stop Time","Duration in ms","Parent Suite","Suite","Sub Suite","Test Class","Test Method","Name","Description"
"passed","Sun Dec 03 20:26:06 GMT 2023","Sun Dec 03 20:26:32 GMT 2023","25767","tests.US_11_Education.US_11-02-02_Shares_trading","US_11-02-02_Shares_trading_test","TestSharesTrading","","","TC_11.02.02.00_01 with parameters: ar, au, NoReg","
        Check: Button [Start Trading] on Main banner
        Language: All (Except: EL, HU, NL). License: All.
        "
"skipped","Sun Dec 03 20:15:07 GMT 2023","Sun Dec 03 20:15:07 GMT 2023","0","tests.US_11_Education.US_11-02-02_Shares_trading","US_11-02-02_Shares_trading_test","TestSharesTrading","","","TC_11.02.02.00_99 with parameters: ar, de, Reg/NoAuth",""
"skipped","Sun Dec 03 20:08:39 GMT 2023","Sun Dec 03 20:08:39 GMT 2023","43","tests.US_11_Education.US_11-02-02_Shares_trading","US_11-02-02_Shares_trading_test","TestSharesTrading","","","TC_11.02.02.00_06 with parameters: ar, gb, Auth","
        Check: Button [Trade] in Most traded block
        Language: All (Except: EL, HU, NL). License: All (Except: FCA).
        "
"passed","Sun Dec 03 20:24:31 GMT 2023","Sun Dec 03 20:25:05 GMT 2023","33988","tests.US_11_Education.US_11-02-02_Shares_trading","US_11-02-02_Shares_trading_test","TestSharesTrading","","","TC_11.02.02.00_06 with parameters: ar, au, Auth","
        Check: Button [Trade] in Most traded block
        Language: All (Except: EL, HU, NL). License: All (Except: FCA).
        "
"passed","Sun Dec 03 20:11:53 GMT 2023","Sun Dec 03 20:12:28 GMT 2023","34616","tests.US_11_Education.US_11-02-02_Shares_trading","US_11-02-02_Shares_trading_test","TestSharesTrading","","","TC_11.02.02.00_09 with parameters: ar, de, NoReg","
        Check the [Button] on the Horizontal banner at the bottom of the page.
        For ""Authorized user"" role:
        The trading platform page is opened depend on the banner [type-id]:
                Live mode if the banner in the Live mode banners list
                Demo mode if the banner in the Demo mode banners list
        "
"skipped","Sun Dec 03 20:16:41 GMT 2023","Sun Dec 03 20:16:41 GMT 2023","0","tests.US_11_Education.US_11-02-02_Shares_trading","US_11-02-02_Shares_trading_test","TestSharesTrading","","","TC_11.02.02.00_99 with parameters: ar, ae, Reg/NoAuth",""
"skipped","Sun Dec 03 20:07:08 GMT 2023","Sun Dec 03 20:07:08 GMT 2023","4","tests.US_11_Education.US_11-02-02_Shares_trading","US_11-02-02_Shares_trading_test","TestSharesTrading","","","TC_11.02.02.00_06 with parameters: ar, gb, NoReg","
        Check: Button [Trade] in Most traded block
        Language: All (Except: EL, HU, NL). License: All (Except: FCA).
        "
"skipped","Sun Dec 03 20:16:20 GMT 2023","Sun Dec 03 20:16:31 GMT 2023","10518","tests.US_11_Education.US_11-02-02_Shares_trading","US_11-02-02_Shares_trading_test","TestSharesTrading","","","TC_11.02.02.00_08 with parameters: ar, ae, Reg/NoAuth","
        Check: Button [1. Create your account] in block [Steps trading]
        Language: All (Except: EL, HU, NL). License: All.
        "
"passed","Sun Dec 03 20:07:52 GMT 2023","Sun Dec 03 20:08:26 GMT 2023","34283","tests.US_11_Education.US_11-02-02_Shares_trading","US_11-02-02_Shares_trading_test","TestSharesTrading","","","TC_11.02.02.00_01 with parameters: ar, gb, Auth","
        Check: Button [Start Trading] on Main banner
        Language: All (Except: EL, HU, NL). License: All.
        "
"skipped","Sun Dec 03 20:07:51 GMT 2023","Sun Dec 03 20:07:51 GMT 2023","10","tests.US_11_Education.US_11-02-02_Shares_trading","US_11-02-02_Shares_trading_test","TestSharesTrading","","","TC_11.02.02.00_10 with parameters: ar, gb, NoReg","
                Check the [Button] on the Vertical side banner at the bottom of the page.
                For ""Authorized user"" role:
                The trading platform page is opened depend on the banner [type-id]:
                        Live mode if the banner in the Live mode banners list
                        Demo mode if the banner in the Demo mode banners list
                "
"skipped","Sun Dec 03 20:26:06 GMT 2023","Sun Dec 03 20:26:06 GMT 2023","4","tests.US_11_Education.US_11-02-02_Shares_trading","US_11-02-02_Shares_trading_test","TestSharesTrading","","","TC_11.02.02.00_10 with parameters: ar, au, Auth","
                Check the [Button] on the Vertical side banner at the bottom of the page.
                For ""Authorized user"" role:
                The trading platform page is opened depend on the banner [type-id]:
                        Live mode if the banner in the Live mode banners list
                        Demo mode if the banner in the Demo mode banners list
                "
"failed","Sun Dec 03 20:12:28 GMT 2023","Sun Dec 03 20:13:09 GMT 2023","41373","tests.US_11_Education.US_11-02-02_Shares_trading","US_11-02-02_Shares_trading_test","TestSharesTrading","","","TC_11.02.02.00_01 with parameters: ar, de, Reg/NoAuth","
        Check: Button [Start Trading] on Main banner
        Language: All (Except: EL, HU, NL). License: All.
        "
"passed","Sun Dec 03 20:17:28 GMT 2023","Sun Dec 03 20:18:03 GMT 2023","34732","tests.US_11_Education.US_11-02-02_Shares_trading","US_11-02-02_Shares_trading_test","TestSharesTrading","","","TC_11.02.02.00_06 with parameters: ar, ae, Auth","
        Check: Button [Trade] in Most traded block
        Language: All (Except: EL, HU, NL). License: All (Except: FCA).
        "
"skipped","Sun Dec 03 20:15:28 GMT 2023","Sun Dec 03 20:15:38 GMT 2023","10569","tests.US_11_Education.US_11-02-02_Shares_trading","US_11-02-02_Shares_trading_test","TestSharesTrading","","","TC_11.02.02.00_08 with parameters: ar, gb, Reg/NoAuth","
        Check: Button [1. Create your account] in block [Steps trading]
        Language: All (Except: EL, HU, NL). License: All.
        "
"skipped","Sun Dec 03 20:23:44 GMT 2023","Sun Dec 03 20:23:44 GMT 2023","0","tests.US_11_Education.US_11-02-02_Shares_trading","US_11-02-02_Shares_trading_test","TestSharesTrading","","","TC_11.02.02.00_99 with parameters: ar, au, Reg/NoAuth",""
"passed","Sun Dec 03 20:17:15 GMT 2023","Sun Dec 03 20:17:28 GMT 2023","13050","tests.US_11_Education.US_11-02-02_Shares_trading","US_11-02-02_Shares_trading_test","TestSharesTrading","","","TC_11.02.02.00_02 with parameters: ar, ae, Auth","
        Check: Button [Try demo] on Main banner
        Language: All (Except: EL, HU, NL). License: All.
        "
"passed","Sun Dec 03 20:08:39 GMT 2023","Sun Dec 03 20:08:52 GMT 2023","13052","tests.US_11_Education.US_11-02-02_Shares_trading","US_11-02-02_Shares_trading_test","TestSharesTrading","","","TC_11.02.02.00_08 with parameters: ar, gb, Auth","
        Check: Button [1. Create your account] in block [Steps trading]
        Language: All (Except: EL, HU, NL). License: All.
        "
"passed","Sun Dec 03 20:14:13 GMT 2023","Sun Dec 03 20:14:24 GMT 2023","10843","tests.US_11_Education.US_11-02-02_Shares_trading","US_11-02-02_Shares_trading_test","TestSharesTrading","","","TC_11.02.02.00_08 with parameters: ar, de, Reg/NoAuth","
        Check: Button [1. Create your account] in block [Steps trading]
        Language: All (Except: EL, HU, NL). License: All.
        "
"skipped","Sun Dec 03 20:15:07 GMT 2023","Sun Dec 03 20:15:17 GMT 2023","10530","tests.US_11_Education.US_11-02-02_Shares_trading","US_11-02-02_Shares_trading_test","TestSharesTrading","","","TC_11.02.02.00_01 with parameters: ar, gb, Reg/NoAuth","
        Check: Button [Start Trading] on Main banner
        Language: All (Except: EL, HU, NL). License: All.
        "
"skipped","Sun Dec 03 20:15:07 GMT 2023","Sun Dec 03 20:15:07 GMT 2023","0","tests.US_11_Education.US_11-02-02_Shares_trading","US_11-02-02_Shares_trading_test","TestSharesTrading","","","TC_11.02.02.00_10 with parameters: ar, de, Reg/NoAuth","
                Check the [Button] on the Vertical side banner at the bottom of the page.
                For ""Authorized user"" role:
                The trading platform page is opened depend on the banner [type-id]:
                        Live mode if the banner in the Live mode banners list
                        Demo mode if the banner in the Demo mode banners list
                "
"passed","Sun Dec 03 20:11:42 GMT 2023","Sun Dec 03 20:11:53 GMT 2023","11533","tests.US_11_Education.US_11-02-02_Shares_trading","US_11-02-02_Shares_trading_test","TestSharesTrading","","","TC_11.02.02.00_08 with parameters: ar, de, NoReg","
        Check: Button [1. Create your account] in block [Steps trading]
        Language: All (Except: EL, HU, NL). License: All.
        "
"skipped","Sun Dec 03 20:12:28 GMT 2023","Sun Dec 03 20:12:28 GMT 2023","25","tests.US_11_Education.US_11-02-02_Shares_trading","US_11-02-02_Shares_trading_test","TestSharesTrading","","","TC_11.02.02.00_10 with parameters: ar, de, NoReg","
                Check the [Button] on the Vertical side banner at the bottom of the page.
                For ""Authorized user"" role:
                The trading platform page is opened depend on the banner [type-id]:
                        Live mode if the banner in the Live mode banners list
                        Demo mode if the banner in the Demo mode banners list
                "
"skipped","Sun Dec 03 20:07:51 GMT 2023","Sun Dec 03 20:07:52 GMT 2023","664","tests.US_11_Education.US_11-02-02_Shares_trading","US_11-02-02_Shares_trading_test","TestSharesTrading","","","TC_11.02.02.00_99 with parameters: ar, gb, NoReg",""
"failed","Sun Dec 03 20:13:13 GMT 2023","Sun Dec 03 20:13:32 GMT 2023","18980","tests.US_11_Education.US_11-02-02_Shares_trading","US_11-02-02_Shares_trading_test","TestSharesTrading","","","TC_11.02.02.00_02 with parameters: ar, de, Reg/NoAuth","
        Check: Button [Try demo] on Main banner
        Language: All (Except: EL, HU, NL). License: All.
        "
"skipped","Sun Dec 03 20:26:06 GMT 2023","Sun Dec 03 20:26:06 GMT 2023","3","tests.US_11_Education.US_11-02-02_Shares_trading","US_11-02-02_Shares_trading_test","TestSharesTrading","","","TC_11.02.02.00_99 with parameters: ar, au, Auth",""
"skipped","Sun Dec 03 20:10:30 GMT 2023","Sun Dec 03 20:10:30 GMT 2023","3","tests.US_11_Education.US_11-02-02_Shares_trading","US_11-02-02_Shares_trading_test","TestSharesTrading","","","TC_11.02.02.00_10 with parameters: ar, de, Auth","
                Check the [Button] on the Vertical side banner at the bottom of the page.
                For ""Authorized user"" role:
                The trading platform page is opened depend on the banner [type-id]:
                        Live mode if the banner in the Live mode banners list
                        Demo mode if the banner in the Demo mode banners list
                "
"skipped","Sun Dec 03 20:15:28 GMT 2023","Sun Dec 03 20:15:28 GMT 2023","0","tests.US_11_Education.US_11-02-02_Shares_trading","US_11-02-02_Shares_trading_test","TestSharesTrading","","","TC_11.02.02.00_06 with parameters: ar, gb, Reg/NoAuth","
        Check: Button [Trade] in Most traded block
        Language: All (Except: EL, HU, NL). License: All (Except: FCA).
        "
"skipped","Sun Dec 03 20:28:06 GMT 2023","Sun Dec 03 20:28:06 GMT 2023","63","tests.US_11_Education.US_11-02-02_Shares_trading","US_11-02-02_Shares_trading_test","TestSharesTrading","","","TC_11.02.02.00_99 with parameters: ar, au, NoReg",""
"skipped","Sun Dec 03 20:15:49 GMT 2023","Sun Dec 03 20:15:49 GMT 2023","0","tests.US_11_Education.US_11-02-02_Shares_trading","US_11-02-02_Shares_trading_test","TestSharesTrading","","","TC_11.02.02.00_99 with parameters: ar, gb, Reg/NoAuth",""
"skipped","Sun Dec 03 20:10:20 GMT 2023","Sun Dec 03 20:10:30 GMT 2023","10343","tests.US_11_Education.US_11-02-02_Shares_trading","US_11-02-02_Shares_trading_test","TestSharesTrading","","","TC_11.02.02.00_09 with parameters: ar, de, Auth","
        Check the [Button] on the Horizontal banner at the bottom of the page.
        For ""Authorized user"" role:
        The trading platform page is opened depend on the banner [type-id]:
                Live mode if the banner in the Live mode banners list
                Demo mode if the banner in the Demo mode banners list
        "
"failed","Sun Dec 03 20:25:18 GMT 2023","Sun Dec 03 20:26:06 GMT 2023","47545","tests.US_11_Education.US_11-02-02_Shares_trading","US_11-02-02_Shares_trading_test","TestSharesTrading","","","TC_11.02.02.00_09 with parameters: ar, au, Auth","
        Check the [Button] on the Horizontal banner at the bottom of the page.
        For ""Authorized user"" role:
        The trading platform page is opened depend on the banner [type-id]:
                Live mode if the banner in the Live mode banners list
                Demo mode if the banner in the Demo mode banners list
        "
"skipped","Sun Dec 03 20:12:28 GMT 2023","Sun Dec 03 20:12:28 GMT 2023","73","tests.US_11_Education.US_11-02-02_Shares_trading","US_11-02-02_Shares_trading_test","TestSharesTrading","","","TC_11.02.02.00_99 with parameters: ar, de, NoReg",""
"passed","Sun Dec 03 20:19:05 GMT 2023","Sun Dec 03 20:19:31 GMT 2023","26210","tests.US_11_Education.US_11-02-02_Shares_trading","US_11-02-02_Shares_trading_test","TestSharesTrading","","","TC_11.02.02.00_01 with parameters: ar, ae, NoReg","
        Check: Button [Start Trading] on Main banner
        Language: All (Except: EL, HU, NL). License: All.
        "
"failed","Sun Dec 03 20:23:00 GMT 2023","Sun Dec 03 20:23:43 GMT 2023","43042","tests.US_11_Education.US_11-02-02_Shares_trading","US_11-02-02_Shares_trading_test","TestSharesTrading","","","TC_11.02.02.00_09 with parameters: ar, au, Reg/NoAuth","
        Check the [Button] on the Horizontal banner at the bottom of the page.
        For ""Authorized user"" role:
        The trading platform page is opened depend on the banner [type-id]:
                Live mode if the banner in the Live mode banners list
                Demo mode if the banner in the Demo mode banners list
        "
"skipped","Sun Dec 03 20:16:31 GMT 2023","Sun Dec 03 20:16:41 GMT 2023","10465","tests.US_11_Education.US_11-02-02_Shares_trading","US_11-02-02_Shares_trading_test","TestSharesTrading","","","TC_11.02.02.00_09 with parameters: ar, ae, Reg/NoAuth","
        Check the [Button] on the Horizontal banner at the bottom of the page.
        For ""Authorized user"" role:
        The trading platform page is opened depend on the banner [type-id]:
                Live mode if the banner in the Live mode banners list
                Demo mode if the banner in the Demo mode banners list
        "
"skipped","Sun Dec 03 20:09:38 GMT 2023","Sun Dec 03 20:09:49 GMT 2023","10362","tests.US_11_Education.US_11-02-02_Shares_trading","US_11-02-02_Shares_trading_test","TestSharesTrading","","","TC_11.02.02.00_01 with parameters: ar, de, Auth","
        Check: Button [Start Trading] on Main banner
        Language: All (Except: EL, HU, NL). License: All.
        "
"skipped","Sun Dec 03 20:10:09 GMT 2023","Sun Dec 03 20:10:20 GMT 2023","10362","tests.US_11_Education.US_11-02-02_Shares_trading","US_11-02-02_Shares_trading_test","TestSharesTrading","","","TC_11.02.02.00_08 with parameters: ar, de, Auth","
        Check: Button [1. Create your account] in block [Steps trading]
        Language: All (Except: EL, HU, NL). License: All.
        "
"skipped","Sun Dec 03 20:15:17 GMT 2023","Sun Dec 03 20:15:28 GMT 2023","10549","tests.US_11_Education.US_11-02-02_Shares_trading","US_11-02-02_Shares_trading_test","TestSharesTrading","","","TC_11.02.02.00_02 with parameters: ar, gb, Reg/NoAuth","
        Check: Button [Try demo] on Main banner
        Language: All (Except: EL, HU, NL). License: All.
        "
"skipped","Sun Dec 03 20:15:49 GMT 2023","Sun Dec 03 20:15:59 GMT 2023","10518","tests.US_11_Education.US_11-02-02_Shares_trading","US_11-02-02_Shares_trading_test","TestSharesTrading","","","TC_11.02.02.00_01 with parameters: ar, ae, Reg/NoAuth","
        Check: Button [Start Trading] on Main banner
        Language: All (Except: EL, HU, NL). License: All.
        "
"skipped","Sun Dec 03 20:16:10 GMT 2023","Sun Dec 03 20:16:20 GMT 2023","10481","tests.US_11_Education.US_11-02-02_Shares_trading","US_11-02-02_Shares_trading_test","TestSharesTrading","","","TC_11.02.02.00_06 with parameters: ar, ae, Reg/NoAuth","
        Check: Button [Trade] in Most traded block
        Language: All (Except: EL, HU, NL). License: All (Except: FCA).
        "
"skipped","Sun Dec 03 20:10:30 GMT 2023","Sun Dec 03 20:10:30 GMT 2023","2","tests.US_11_Education.US_11-02-02_Shares_trading","US_11-02-02_Shares_trading_test","TestSharesTrading","","","TC_11.02.02.00_99 with parameters: ar, de, Auth",""
"skipped","Sun Dec 03 20:19:05 GMT 2023","Sun Dec 03 20:19:05 GMT 2023","3","tests.US_11_Education.US_11-02-02_Shares_trading","US_11-02-02_Shares_trading_test","TestSharesTrading","","","TC_11.02.02.00_10 with parameters: ar, ae, Auth","
                Check the [Button] on the Vertical side banner at the bottom of the page.
                For ""Authorized user"" role:
                The trading platform page is opened depend on the banner [type-id]:
                        Live mode if the banner in the Live mode banners list
                        Demo mode if the banner in the Demo mode banners list
                "
"passed","Sun Dec 03 20:06:23 GMT 2023","Sun Dec 03 20:06:58 GMT 2023","35241","tests.US_11_Education.US_11-02-02_Shares_trading","US_11-02-02_Shares_trading_test","TestSharesTrading","","","TC_11.02.02.00_01 with parameters: ar, gb, NoReg","
        Check: Button [Start Trading] on Main banner
        Language: All (Except: EL, HU, NL). License: All.
        "
"skipped","Sun Dec 03 20:15:59 GMT 2023","Sun Dec 03 20:16:10 GMT 2023","10517","tests.US_11_Education.US_11-02-02_Shares_trading","US_11-02-02_Shares_trading_test","TestSharesTrading","","","TC_11.02.02.00_02 with parameters: ar, ae, Reg/NoAuth","
        Check: Button [Try demo] on Main banner
        Language: All (Except: EL, HU, NL). License: All.
        "
"passed","Sun Dec 03 20:20:29 GMT 2023","Sun Dec 03 20:21:03 GMT 2023","34303","tests.US_11_Education.US_11-02-02_Shares_trading","US_11-02-02_Shares_trading_test","TestSharesTrading","","","TC_11.02.02.00_09 with parameters: ar, ae, NoReg","
        Check the [Button] on the Horizontal banner at the bottom of the page.
        For ""Authorized user"" role:
        The trading platform page is opened depend on the banner [type-id]:
                Live mode if the banner in the Live mode banners list
                Demo mode if the banner in the Demo mode banners list
        "
"skipped","Sun Dec 03 20:23:44 GMT 2023","Sun Dec 03 20:23:44 GMT 2023","16","tests.US_11_Education.US_11-02-02_Shares_trading","US_11-02-02_Shares_trading_test","TestSharesTrading","","","TC_11.02.02.00_10 with parameters: ar, au, Reg/NoAuth","
                Check the [Button] on the Vertical side banner at the bottom of the page.
                For ""Authorized user"" role:
                The trading platform page is opened depend on the banner [type-id]:
                        Live mode if the banner in the Live mode banners list
                        Demo mode if the banner in the Demo mode banners list
                "
"failed","Sun Dec 03 20:21:50 GMT 2023","Sun Dec 03 20:22:09 GMT 2023","18747","tests.US_11_Education.US_11-02-02_Shares_trading","US_11-02-02_Shares_trading_test","TestSharesTrading","","","TC_11.02.02.00_02 with parameters: ar, au, Reg/NoAuth","
        Check: Button [Try demo] on Main banner
        Language: All (Except: EL, HU, NL). License: All.
        "
"passed","Sun Dec 03 20:22:50 GMT 2023","Sun Dec 03 20:23:00 GMT 2023","10806","tests.US_11_Education.US_11-02-02_Shares_trading","US_11-02-02_Shares_trading_test","TestSharesTrading","","","TC_11.02.02.00_08 with parameters: ar, au, Reg/NoAuth","
        Check: Button [1. Create your account] in block [Steps trading]
        Language: All (Except: EL, HU, NL). License: All.
        "
"skipped","Sun Dec 03 20:21:03 GMT 2023","Sun Dec 03 20:21:04 GMT 2023","63","tests.US_11_Education.US_11-02-02_Shares_trading","US_11-02-02_Shares_trading_test","TestSharesTrading","","","TC_11.02.02.00_10 with parameters: ar, ae, NoReg","
                Check the [Button] on the Vertical side banner at the bottom of the page.
                For ""Authorized user"" role:
                The trading platform page is opened depend on the banner [type-id]:
                        Live mode if the banner in the Live mode banners list
                        Demo mode if the banner in the Demo mode banners list
                "
"passed","Sun Dec 03 20:25:05 GMT 2023","Sun Dec 03 20:25:18 GMT 2023","12911","tests.US_11_Education.US_11-02-02_Shares_trading","US_11-02-02_Shares_trading_test","TestSharesTrading","","","TC_11.02.02.00_08 with parameters: ar, au, Auth","
        Check: Button [1. Create your account] in block [Steps trading]
        Language: All (Except: EL, HU, NL). License: All.
        "
"skipped","Sun Dec 03 20:15:49 GMT 2023","Sun Dec 03 20:15:49 GMT 2023","0","tests.US_11_Education.US_11-02-02_Shares_trading","US_11-02-02_Shares_trading_test","TestSharesTrading","","","TC_11.02.02.00_10 with parameters: ar, gb, Reg/NoAuth","
                Check the [Button] on the Vertical side banner at the bottom of the page.
                For ""Authorized user"" role:
                The trading platform page is opened depend on the banner [type-id]:
                        Live mode if the banner in the Live mode banners list
                        Demo mode if the banner in the Demo mode banners list
                "
"skipped","Sun Dec 03 20:09:38 GMT 2023","Sun Dec 03 20:09:38 GMT 2023","4","tests.US_11_Education.US_11-02-02_Shares_trading","US_11-02-02_Shares_trading_test","TestSharesTrading","","","TC_11.02.02.00_99 with parameters: ar, gb, Auth",""
"failed","Sun Dec 03 20:21:04 GMT 2023","Sun Dec 03 20:21:46 GMT 2023","42431","tests.US_11_Education.US_11-02-02_Shares_trading","US_11-02-02_Shares_trading_test","TestSharesTrading","","","TC_11.02.02.00_01 with parameters: ar, au, Reg/NoAuth","
        Check: Button [Start Trading] on Main banner
        Language: All (Except: EL, HU, NL). License: All.
        "
"passed","Sun Dec 03 20:08:26 GMT 2023","Sun Dec 03 20:08:39 GMT 2023","12783","tests.US_11_Education.US_11-02-02_Shares_trading","US_11-02-02_Shares_trading_test","TestSharesTrading","","","TC_11.02.02.00_02 with parameters: ar, gb, Auth","
        Check: Button [Try demo] on Main banner
        Language: All (Except: EL, HU, NL). License: All.
        "
"skipped","Sun Dec 03 20:15:38 GMT 2023","Sun Dec 03 20:15:49 GMT 2023","10532","tests.US_11_Education.US_11-02-02_Shares_trading","US_11-02-02_Shares_trading_test","TestSharesTrading","","","TC_11.02.02.00_09 with parameters: ar, gb, Reg/NoAuth","
        Check the [Button] on the Horizontal banner at the bottom of the page.
        For ""Authorized user"" role:
        The trading platform page is opened depend on the banner [type-id]:
                Live mode if the banner in the Live mode banners list
                Demo mode if the banner in the Demo mode banners list
        "
"passed","Sun Dec 03 20:18:03 GMT 2023","Sun Dec 03 20:18:16 GMT 2023","13061","tests.US_11_Education.US_11-02-02_Shares_trading","US_11-02-02_Shares_trading_test","TestSharesTrading","","","TC_11.02.02.00_08 with parameters: ar, ae, Auth","
        Check: Button [1. Create your account] in block [Steps trading]
        Language: All (Except: EL, HU, NL). License: All.
        "
"passed","Sun Dec 03 20:27:19 GMT 2023","Sun Dec 03 20:27:31 GMT 2023","11854","tests.US_11_Education.US_11-02-02_Shares_trading","US_11-02-02_Shares_trading_test","TestSharesTrading","","","TC_11.02.02.00_08 with parameters: ar, au, NoReg","
        Check: Button [1. Create your account] in block [Steps trading]
        Language: All (Except: EL, HU, NL). License: All.
        "
"passed","Sun Dec 03 20:19:42 GMT 2023","Sun Dec 03 20:20:18 GMT 2023","36381","tests.US_11_Education.US_11-02-02_Shares_trading","US_11-02-02_Shares_trading_test","TestSharesTrading","","","TC_11.02.02.00_06 with parameters: ar, ae, NoReg","
        Check: Button [Trade] in Most traded block
        Language: All (Except: EL, HU, NL). License: All (Except: FCA).
        "
"passed","Sun Dec 03 20:07:19 GMT 2023","Sun Dec 03 20:07:51 GMT 2023","32626","tests.US_11_Education.US_11-02-02_Shares_trading","US_11-02-02_Shares_trading_test","TestSharesTrading","","","TC_11.02.02.00_09 with parameters: ar, gb, NoReg","
        Check the [Button] on the Horizontal banner at the bottom of the page.
        For ""Authorized user"" role:
        The trading platform page is opened depend on the banner [type-id]:
                Live mode if the banner in the Live mode banners list
                Demo mode if the banner in the Demo mode banners list
        "
"passed","Sun Dec 03 20:10:55 GMT 2023","Sun Dec 03 20:11:06 GMT 2023","10141","tests.US_11_Education.US_11-02-02_Shares_trading","US_11-02-02_Shares_trading_test","TestSharesTrading","","","TC_11.02.02.00_02 with parameters: ar, de, NoReg","
        Check: Button [Try demo] on Main banner
        Language: All (Except: EL, HU, NL). License: All.
        "
"failed","Sun Dec 03 20:08:52 GMT 2023","Sun Dec 03 20:09:38 GMT 2023","45558","tests.US_11_Education.US_11-02-02_Shares_trading","US_11-02-02_Shares_trading_test","TestSharesTrading","","","TC_11.02.02.00_09 with parameters: ar, gb, Auth","
        Check the [Button] on the Horizontal banner at the bottom of the page.
        For ""Authorized user"" role:
        The trading platform page is opened depend on the banner [type-id]:
                Live mode if the banner in the Live mode banners list
                Demo mode if the banner in the Demo mode banners list
        "
"passed","Sun Dec 03 20:23:44 GMT 2023","Sun Dec 03 20:24:18 GMT 2023","34189","tests.US_11_Education.US_11-02-02_Shares_trading","US_11-02-02_Shares_trading_test","TestSharesTrading","","","TC_11.02.02.00_01 with parameters: ar, au, Auth","
        Check: Button [Start Trading] on Main banner
        Language: All (Except: EL, HU, NL). License: All.
        "
"skipped","Sun Dec 03 20:19:05 GMT 2023","Sun Dec 03 20:19:05 GMT 2023","3","tests.US_11_Education.US_11-02-02_Shares_trading","US_11-02-02_Shares_trading_test","TestSharesTrading","","","TC_11.02.02.00_99 with parameters: ar, ae, Auth",""
"passed","Sun Dec 03 20:16:41 GMT 2023","Sun Dec 03 20:17:15 GMT 2023","33460","tests.US_11_Education.US_11-02-02_Shares_trading","US_11-02-02_Shares_trading_test","TestSharesTrading","","","TC_11.02.02.00_01 with parameters: ar, ae, Auth","
        Check: Button [Start Trading] on Main banner
        Language: All (Except: EL, HU, NL). License: All.
        "
"passed","Sun Dec 03 20:07:08 GMT 2023","Sun Dec 03 20:07:19 GMT 2023","10400","tests.US_11_Education.US_11-02-02_Shares_trading","US_11-02-02_Shares_trading_test","TestSharesTrading","","","TC_11.02.02.00_08 with parameters: ar, gb, NoReg","
        Check: Button [1. Create your account] in block [Steps trading]
        Language: All (Except: EL, HU, NL). License: All.
        "
"passed","Sun Dec 03 20:27:31 GMT 2023","Sun Dec 03 20:28:06 GMT 2023","34831","tests.US_11_Education.US_11-02-02_Shares_trading","US_11-02-02_Shares_trading_test","TestSharesTrading","","","TC_11.02.02.00_09 with parameters: ar, au, NoReg","
        Check the [Button] on the Horizontal banner at the bottom of the page.
        For ""Authorized user"" role:
        The trading platform page is opened depend on the banner [type-id]:
                Live mode if the banner in the Live mode banners list
                Demo mode if the banner in the Demo mode banners list
        "
"passed","Sun Dec 03 20:26:32 GMT 2023","Sun Dec 03 20:26:42 GMT 2023","10624","tests.US_11_Education.US_11-02-02_Shares_trading","US_11-02-02_Shares_trading_test","TestSharesTrading","","","TC_11.02.02.00_02 with parameters: ar, au, NoReg","
        Check: Button [Try demo] on Main banner
        Language: All (Except: EL, HU, NL). License: All.
        "
"passed","Sun Dec 03 20:24:18 GMT 2023","Sun Dec 03 20:24:31 GMT 2023","13050","tests.US_11_Education.US_11-02-02_Shares_trading","US_11-02-02_Shares_trading_test","TestSharesTrading","","","TC_11.02.02.00_02 with parameters: ar, au, Auth","
        Check: Button [Try demo] on Main banner
        Language: All (Except: EL, HU, NL). License: All.
        "
"passed","Sun Dec 03 20:06:58 GMT 2023","Sun Dec 03 20:07:08 GMT 2023","10208","tests.US_11_Education.US_11-02-02_Shares_trading","US_11-02-02_Shares_trading_test","TestSharesTrading","","","TC_11.02.02.00_02 with parameters: ar, gb, NoReg","
        Check: Button [Try demo] on Main banner
        Language: All (Except: EL, HU, NL). License: All.
        "
"skipped","Sun Dec 03 20:16:41 GMT 2023","Sun Dec 03 20:16:41 GMT 2023","0","tests.US_11_Education.US_11-02-02_Shares_trading","US_11-02-02_Shares_trading_test","TestSharesTrading","","","TC_11.02.02.00_10 with parameters: ar, ae, Reg/NoAuth","
                Check the [Button] on the Vertical side banner at the bottom of the page.
                For ""Authorized user"" role:
                The trading platform page is opened depend on the banner [type-id]:
                        Live mode if the banner in the Live mode banners list
                        Demo mode if the banner in the Demo mode banners list
                "
"passed","Sun Dec 03 20:19:31 GMT 2023","Sun Dec 03 20:19:42 GMT 2023","10935","tests.US_11_Education.US_11-02-02_Shares_trading","US_11-02-02_Shares_trading_test","TestSharesTrading","","","TC_11.02.02.00_02 with parameters: ar, ae, NoReg","
        Check: Button [Try demo] on Main banner
        Language: All (Except: EL, HU, NL). License: All.
        "
"passed","Sun Dec 03 20:11:06 GMT 2023","Sun Dec 03 20:11:42 GMT 2023","36017","tests.US_11_Education.US_11-02-02_Shares_trading","US_11-02-02_Shares_trading_test","TestSharesTrading","","","TC_11.02.02.00_06 with parameters: ar, de, NoReg","
        Check: Button [Trade] in Most traded block
        Language: All (Except: EL, HU, NL). License: All (Except: FCA).
        "
"skipped","Sun Dec 03 20:09:59 GMT 2023","Sun Dec 03 20:10:09 GMT 2023","10361","tests.US_11_Education.US_11-02-02_Shares_trading","US_11-02-02_Shares_trading_test","TestSharesTrading","","","TC_11.02.02.00_06 with parameters: ar, de, Auth","
        Check: Button [Trade] in Most traded block
        Language: All (Except: EL, HU, NL). License: All (Except: FCA).
        "
"failed","Sun Dec 03 20:14:24 GMT 2023","Sun Dec 03 20:15:06 GMT 2023","42280","tests.US_11_Education.US_11-02-02_Shares_trading","US_11-02-02_Shares_trading_test","TestSharesTrading","","","TC_11.02.02.00_09 with parameters: ar, de, Reg/NoAuth","
        Check the [Button] on the Horizontal banner at the bottom of the page.
        For ""Authorized user"" role:
        The trading platform page is opened depend on the banner [type-id]:
                Live mode if the banner in the Live mode banners list
                Demo mode if the banner in the Demo mode banners list
        "
"passed","Sun Dec 03 20:20:18 GMT 2023","Sun Dec 03 20:20:29 GMT 2023","10725","tests.US_11_Education.US_11-02-02_Shares_trading","US_11-02-02_Shares_trading_test","TestSharesTrading","","","TC_11.02.02.00_08 with parameters: ar, ae, NoReg","
        Check: Button [1. Create your account] in block [Steps trading]
        Language: All (Except: EL, HU, NL). License: All.
        "
"passed","Sun Dec 03 20:22:13 GMT 2023","Sun Dec 03 20:22:50 GMT 2023","36516","tests.US_11_Education.US_11-02-02_Shares_trading","US_11-02-02_Shares_trading_test","TestSharesTrading","","","TC_11.02.02.00_06 with parameters: ar, au, Reg/NoAuth","
        Check: Button [Trade] in Most traded block
        Language: All (Except: EL, HU, NL). License: All (Except: FCA).
        "
"skipped","Sun Dec 03 20:09:38 GMT 2023","Sun Dec 03 20:09:38 GMT 2023","3","tests.US_11_Education.US_11-02-02_Shares_trading","US_11-02-02_Shares_trading_test","TestSharesTrading","","","TC_11.02.02.00_10 with parameters: ar, gb, Auth","
                Check the [Button] on the Vertical side banner at the bottom of the page.
                For ""Authorized user"" role:
                The trading platform page is opened depend on the banner [type-id]:
                        Live mode if the banner in the Live mode banners list
                        Demo mode if the banner in the Demo mode banners list
                "
"failed","Sun Dec 03 20:18:16 GMT 2023","Sun Dec 03 20:19:05 GMT 2023","48914","tests.US_11_Education.US_11-02-02_Shares_trading","US_11-02-02_Shares_trading_test","TestSharesTrading","","","TC_11.02.02.00_09 with parameters: ar, ae, Auth","
        Check the [Button] on the Horizontal banner at the bottom of the page.
        For ""Authorized user"" role:
        The trading platform page is opened depend on the banner [type-id]:
                Live mode if the banner in the Live mode banners list
                Demo mode if the banner in the Demo mode banners list
        "
"skipped","Sun Dec 03 20:09:49 GMT 2023","Sun Dec 03 20:09:59 GMT 2023","10327","tests.US_11_Education.US_11-02-02_Shares_trading","US_11-02-02_Shares_trading_test","TestSharesTrading","","","TC_11.02.02.00_02 with parameters: ar, de, Auth","
        Check: Button [Try demo] on Main banner
        Language: All (Except: EL, HU, NL). License: All.
        "
"passed","Sun Dec 03 20:26:42 GMT 2023","Sun Dec 03 20:27:19 GMT 2023","36836","tests.US_11_Education.US_11-02-02_Shares_trading","US_11-02-02_Shares_trading_test","TestSharesTrading","","","TC_11.02.02.00_06 with parameters: ar, au, NoReg","
        Check: Button [Trade] in Most traded block
        Language: All (Except: EL, HU, NL). License: All (Except: FCA).
        "
"passed","Sun Dec 03 20:13:37 GMT 2023","Sun Dec 03 20:14:13 GMT 2023","36352","tests.US_11_Education.US_11-02-02_Shares_trading","US_11-02-02_Shares_trading_test","TestSharesTrading","","","TC_11.02.02.00_06 with parameters: ar, de, Reg/NoAuth","
        Check: Button [Trade] in Most traded block
        Language: All (Except: EL, HU, NL). License: All (Except: FCA).
        "
"skipped","Sun Dec 03 20:28:06 GMT 2023","Sun Dec 03 20:28:06 GMT 2023","56","tests.US_11_Education.US_11-02-02_Shares_trading","US_11-02-02_Shares_trading_test","TestSharesTrading","","","TC_11.02.02.00_10 with parameters: ar, au, NoReg","
                Check the [Button] on the Vertical side banner at the bottom of the page.
                For ""Authorized user"" role:
                The trading platform page is opened depend on the banner [type-id]:
                        Live mode if the banner in the Live mode banners list
                        Demo mode if the banner in the Demo mode banners list
                "
"skipped","Sun Dec 03 20:21:04 GMT 2023","Sun Dec 03 20:21:04 GMT 2023","53","tests.US_11_Education.US_11-02-02_Shares_trading","US_11-02-02_Shares_trading_test","TestSharesTrading","","","TC_11.02.02.00_99 with parameters: ar, ae, NoReg",""
"passed","Sun Dec 03 20:10:30 GMT 2023","Sun Dec 03 20:10:55 GMT 2023","25481","tests.US_11_Education.US_11-02-02_Shares_trading","US_11-02-02_Shares_trading_test","TestSharesTrading","","","TC_11.02.02.00_01 with parameters: ar, de, NoReg","
        Check: Button [Start Trading] on Main banner
        Language: All (Except: EL, HU, NL). License: All.
        "
